24-12-2018 | 09-13 | 127 | Gun De Ambrosi         | 64277 Pleasure Pass
03-02-2019 | 08-57 | 123 | Kirbie Sterman         | 3 Scofield Way
05-12-2018 | 05-55 | 54  | Fredra Robilart        | 1622 Marcy Center
27-01-2019 | 17-48 | 54  | Trip Dameisele         | 061 Westerfield Lane
30-12-2018 | 05-04 | 167 | Essa Cranshaw          | 5884 Esker Plaza
31-12-2018 | 00-32 | 187 | Teresina Deer          | 322 Kings Hill
11-12-2018 | 16-33 | 223 | Nev Buckthorpe         | 0 Schlimgen Court
01-12-2018 | 14-39 | 137 | Harley Follen          | 227 Beilfuss Road
16-12-2018 | 03-11 | 198 | Marrissa Spear         | 65111 Glacier Hill Lane
06-02-2019 | 07-22 | 170 | Charisse Yegorovnin    | 9 1st Drive
25-01-2019 | 06-44 | 235 | Mallissa Maudling      | 4 Oakridge Avenue
20-12-2018 | 09-10 | 126 | Ilene Tomaschke        | 67 Wayridge Center
23-12-2018 | 05-31 | 171 | Cal Winmill            | 76 Manufacturers Road
08-12-2018 | 15-01 | 215 | Sunshine Clingoe       | 5779 Coleman Alley
21-01-2019 | 01-59 | 177 | Niko Spooner           | 070 Moulton Place
27-01-2019 | 23-18 | 139 | Silvan Camamill        | 50410 Florence Drive
28-12-2018 | 02-36 | 76  | Sunny Uden             | 78 Sunbrook Center
03-01-2019 | 15-44 | 15  | Magdaia Pozzo          | 274 Texas Hill
03-02-2019 | 11-32 | 201 | Nicki Zukerman         | 5 Hanover Way
29-12-2018 | 17-49 | 183 | Bonnee Tarr            | 3 Loeprich Trail
20-01-2019 | 02-30 | 50  | Rowe Spelman           | 3446 Calypso Place
09-12-2018 | 23-27 | 96  | NN                     | 287 Sachtjen Road
12-12-2018 | 06-32 | 60  | Patrice Matterface     | 897 Cottonwood Court
31-01-2019 | 23-44 | 228 | Rosy Owlner            | 434 Manley Avenue
20-01-2019 | 01-13 | 78  | Ellette Brace          | 823 Paget Park
02-02-2019 | 09-19 | 201 | Fredia Enion           | 00382 Hovde Pass
16-12-2018 | 08-44 | 25  | Pattin Flippen         | 81 Bayside Road
02-12-2018 | 11-09 | 92  | Harcourt Maillard      | 48 Armistice Drive
17-01-2019 | 18-59 | 160 | Roderic Grodden        | 072 Hovde Pass
23-12-2018 | 02-46 | 183 | Justis Imorts          | 50879 Heath Place
02-01-2019 | 01-03 | 173 | Wendell Brims          | 20 Reinke Drive
24-01-2019 | 08-42 | 170 | Cos Dorkens            | 135 Village Green Trail
24-01-2019 | 10-05 | 114 | Harold Davidavidovics  | 7 Clarendon Parkway
06-02-2019 | 10-54 | 11  | Farand Goulbourne      | 67 Lotheville Parkway
18-01-2019 | 04-23 | 106 | Gilburt Rablin         | 458 Dahle Alley
07-01-2019 | 09-17 | 135 | Engelbert Ferie        | 88012 Londonderry Road
29-12-2018 | 22-18 | 198 | Eadie Vina             | 1109 Eastlawn Place
19-01-2019 | 17-51 | 24  | Fawnia Clitheroe       | 1 Gale Place
07-12-2018 | 03-46 | 233 | Kathie Trayling        | 5 Sycamore Road
15-01-2019 | 23-51 | 66  | Zonda Drugan           | 52389 Miller Parkway
30-01-2019 | 16-57 | 131 | Ulrica Yeulet          | 2594 Bellgrove Drive
13-12-2018 | 15-17 | 10  | Davita Cobley          | 5587 Lien Circle
17-01-2019 | 11-41 | 21  | Charmion Ahearne       | 3 Mayfield Point
18-12-2018 | 12-50 | 229 | Jorgan Whitcher        | 22 Eggendart Road
30-12-2018 | 08-30 | 161 | Judah Burt             | 748 Farwell Circle
12-01-2019 | 03-09 | 57  | Lesley Pratchett       | 15191 Stoughton Trail
20-12-2018 | 21-30 | 41  | Abram Jagoe            | 2 Village Center
01-12-2018 | 18-16 | 12  | Ryann Shuttleworth     | 804 Monica Drive
15-12-2018 | 03-58 | 166 | Ardella Autin          | 36 Calypso Park
09-12-2018 | 22-23 | 135 | Monika Sefton          | 964 Drewry Place
23-12-2018 | 19-17 | 204 | Gale Aughton           | 3 Orin Place
09-01-2019 | 06-15 | 187 | Lorianna Millett       | 61791 Gerald Park
03-01-2019 | 16-03 | 81  | Shamus Jervoise        | 7 Crescent Oaks Hill
26-01-2019 | 07-45 | 227 | Windy Fretson          | 99 Talmadge Alley
05-12-2018 | 22-17 | 105 | Kamila Pain            | 35099 Merchant Drive
08-01-2019 | 00-31 | 43  | NN                     | 571 Vera Hill
20-12-2018 | 21-12 | 134 | Cacilie Scutts         | 9 Transport Parkway
02-02-2019 | 02-48 | 233 | Wilmer Bienvenu        | 031 Manufacturers Lane
30-12-2018 | 08-58 | 98  | NN                     | 99 Fordem Court
02-02-2019 | 06-14 | 166 | Lazar Rapson           | 3503 Sullivan Center
03-01-2019 | 04-57 | 123 | Bonnibelle Paniman     | 4 Longview Center
29-01-2019 | 18-22 | 129 | Jeane Rappport         | 28787 Sycamore Street
17-01-2019 | 11-44 | 32  | Hedvige Ghiraldi       | 74 Northwestern Circle
05-02-2019 | 19-49 | 95  | Terry Thompson         | 3760 Springview Terrace
27-01-2019 | 01-30 | 115 | Jessalyn Rodie         | 3150 Stang Way
07-01-2019 | 12-32 | 46  | Justis Critcher        | 75803 Hooker Park
06-12-2018 | 08-05 | 236 | Halette Snartt         | 1 Carey Avenue
06-01-2019 | 12-36 | 170 | Kath Bamborough        | 42564 Daystar Way
06-01-2019 | 11-36 | 59  | Fiann Temporal         | 630 Porter Junction
07-01-2019 | 11-47 | 13  | Raphaela Elton         | 94 Chive Trail
07-12-2018 | 00-28 | 11  | Mattie Struttman       | 802 Sachs Point
12-12-2018 | 03-25 | 77  | Zora Ralphs            | 300 Cody Court
04-01-2019 | 06-12 | 153 | Sigfrid Tuffell        | 5 Elka Center
16-12-2018 | 06-25 | 201 | Timothy McIlwraith     | 3 Sachs Pass
01-01-2019 | 22-08 | 128 | Weylin Denys           | 250 Miller Park
06-02-2019 | 11-05 | 223 | Brose Blethyn          | 3801 Tennyson Circle
20-12-2018 | 19-20 | 213 | Rayshell Banfield      | 327 1st Park
02-01-2019 | 11-46 | 121 | Sergio Holleworth      | 8579 Hollow Ridge Hill
12-01-2019 | 06-36 | 231 | Rees Kidman            | 399 Iowa Street
28-01-2019 | 08-20 | 112 | Cammie Scotting        | 9 Mosinee Terrace
01-01-2019 | 22-25 | 204 | Davidde Markey         | 040 Southridge Avenue
09-01-2019 | 04-22 | 31  | Kin Vauter             | 9 Corry Point
08-01-2019 | 06-37 | 9   | Caleb Aughton          | 4112 Bellgrove Place
29-12-2018 | 11-08 | 111 | Larina Springford      | 17503 Scott Junction
12-12-2018 | 23-04 | 209 | Freddy Raspison        | 36 Graedel Park
10-01-2019 | 22-33 | 73  | Blondelle Scothorn     | 6939 Redwing Parkway
08-01-2019 | 15-46 | 120 | Idelle Hellsdon        | 088 Kenwood Terrace
09-12-2018 | 22-57 | 120 | Kare Wildish           | 1 Jenna Plaza
09-12-2018 | 00-08 | 161 | Diena Tattam           | 293 Arkansas Alley
03-01-2019 | 12-03 | 171 | Nettie Chadwell        | 812 Moulton Plaza
11-12-2018 | 08-00 | 26  | Fair Rayhill           | 94410 Cascade Parkway
20-01-2019 | 21-01 | 228 | Rolf Fee               | 2947 Nova Drive
07-02-2019 | 03-35 | 214 | Wes Twohig             | 377 North Circle
06-01-2019 | 00-40 | 70  | Merle Sellar           | 77 Bayside Point
25-01-2019 | 05-34 | 28  | Cody Eagland           | 9 Mandrake Lane
29-01-2019 | 00-43 | 201 | Romeo Baron            | 355 Del Mar Junction
31-12-2018 | 04-06 | 170 | Ellsworth Swatman      | 30 Londonderry Street
08-01-2019 | 05-18 | 238 | Michael Shadfourth     | 0324 Barby Alley
09-12-2018 | 22-57 | 126 | Webster Fencott        | 043 Birchwood Street
13-12-2018 | 11-25 | 149 | Roderic Castiglioni    | 204 Buell Drive
14-12-2018 | 14-53 | 78  | Bridgette Greedy       | 72205 Paget Lane
27-01-2019 | 05-28 | 204 | Reider Coules          | 58764 Troy Parkway
17-01-2019 | 19-58 | 214 | Meade Bourget          | 75386 Dunning Avenue
26-01-2019 | 18-47 | 132 | Hillier Di Pietro      | 406 Esch Drive
27-01-2019 | 21-29 | 38  | Maible Bernt           | 1488 Glendale Circle
08-12-2018 | 16-30 | 216 | Dominga Rickertsen     | 86670 Farwell Terrace
11-01-2019 | 14-04 | 151 | Vittoria Carff         | 80341 Golf Course Way
29-12-2018 | 20-35 | 90  | Vito Wesley            | 64 Ridgeview Road
14-12-2018 | 01-55 | 168 | Booth Gordge           | 39169 Warrior Center
15-01-2019 | 06-01 | 220 | Jerrome Frank          | 6 Basil Pass
15-01-2019 | 23-05 | 206 | Elbertina Akeherst     | 9399 Oriole Street
19-12-2018 | 04-52 | 34  | Modestia Slator        | 45839 Russell Crossing
02-12-2018 | 20-40 | 10  | Nathalie Rathe         | 0 Cherokee Center
09-12-2018 | 21-34 | 126 | Danila Delafoy         | 887 Forest Run Trail
15-12-2018 | 07-57 | 206 | Emmerich Girodier      | 9226 Packers Terrace
14-12-2018 | 08-54 | 49  | Jecho Tomik            | 1 Fair Oaks Drive
07-12-2018 | 00-10 | 27  | Gertie Swannack        | 74819 Tennyson Road
14-12-2018 | 06-57 | 168 | Naoma Joskovitch       | 0 Kropf Way
05-02-2019 | 18-04 | 134 | Zedekiah Illesley      | 96 Bunker Hill Trail
04-02-2019 | 16-58 | 112 | Papagena Wisniowski    | 08443 Thierer Way
19-01-2019 | 08-04 | 224 | Rancell Minchin        | 3 Stone Corner Park
03-12-2018 | 18-54 | 140 | Ag Glencrosche         | 37650 Dennis Terrace
11-12-2018 | 09-05 | 235 | Chrystal Farmiloe      | 563 Waxwing Road
03-01-2019 | 22-58 | 14  | Arte Halsworth         | 845 Prairieview Terrace
03-12-2018 | 05-00 | 237 | Martie Balasini        | 136 Loomis Place
09-01-2019 | 16-38 | 193 | Martino Debney         | 80521 Scofield Plaza
03-01-2019 | 01-29 | 18  | Joaquin Shirley        | 02686 Blackbird Plaza
25-12-2018 | 00-16 | 229 | Nikola Rosso           | 08 International Court
03-02-2019 | 18-26 | 36  | Filia Nix              | 943 Aberg Park
02-01-2019 | 06-26 | 203 | Joellen Lowrie         | 6 Hollow Ridge Lane
08-12-2018 | 14-44 | 12  | Kay Favela             | 28821 Mayer Drive
07-02-2019 | 12-10 | 48  | Quentin Aronson        | 69 Declaration Plaza
02-02-2019 | 17-22 | 9   | Kelcey Geale           | 30163 Mitchell Road
07-12-2018 | 02-40 | 240 | Benjamen Marsay        | 9 Sage Trail
12-12-2018 | 09-17 | 213 | Cletis Grimolbie       | 01626 Tennyson Court
24-01-2019 | 08-14 | 224 | Sansone Willows        | 79 Ridgeview Circle
08-12-2018 | 05-22 | 156 | Giacinta Gammett       | 636 Dahle Point
10-12-2018 | 15-04 | 166 | Kale Waddell           | 78602 Farragut Plaza
12-01-2019 | 22-23 | 72  | Amanda Ricci           | 126 Dryden Way
30-12-2018 | 17-45 | 232 | Adan Woolhouse         | 10 Little Fleur Way
10-01-2019 | 09-35 | 60  | Lissa Tolcher          | 5181 Macpherson Plaza
20-12-2018 | 17-26 | 49  | Waite Dalliwatr        | 1 Erie Drive
24-01-2019 | 14-28 | 82  | Nicko Fulton           | 22 Mariners Cove Drive
29-12-2018 | 15-44 | 187 | Bernhard Duplock       | 96 Carberry Point
26-12-2018 | 15-35 | 64  | Mercedes Podd          | 0344 Chinook Pass
19-12-2018 | 11-55 | 51  | Ingrim Varsey          | 242 Hauk Avenue
07-01-2019 | 02-44 | 234 | Ted Castanyer          | 6236 Golden Leaf Way
13-01-2019 | 21-00 | 30  | Royall Headford        | 821 Manufacturers Street
08-01-2019 | 21-05 | 166 | Bell Lukins            | 0 Mallory Place
10-01-2019 | 13-48 | 120 | Clareta Orr            | 08 Manitowish Center
03-01-2019 | 08-18 | 127 | Dona Janek             | 4861 Stang Park
06-02-2019 | 05-18 | 175 | Zola Billing           | 958 Sauthoff Trail
14-12-2018 | 21-31 | 87  | Hendrick Wigsell       | 91 Waubesa Court
03-02-2019 | 03-05 | 224 | Rozalie Varden         | 37122 Goodland Place
05-01-2019 | 13-53 | 105 | Corri Bartol           | 8 Pleasure Avenue
10-12-2018 | 16-35 | 21  | Loralee Densie         | 396 Declaration Street
26-12-2018 | 01-52 | 67  | Cozmo Shakshaft        | 2750 Hazelcrest Way
01-01-2019 | 20-45 | 151 | Moishe Jakoubec        | 5 Cody Alley
24-01-2019 | 12-11 | 198 | Jule Van Der Straaten  | 2700 Spohn Terrace
05-12-2018 | 09-49 | 224 | Roxy Ravilious         | 828 Chinook Avenue
15-01-2019 | 05-32 | 198 | Ayn Creggan            | 6 Mayfield Pass
08-01-2019 | 16-22 | 167 | Gordy de Clercq        | 5 Autumn Leaf Court
04-01-2019 | 14-31 | 179 | Powell Sale            | 8308 Meadow Vale Terrace
05-02-2019 | 06-55 | 188 | Pooh Ciabatteri        | 6587 Old Shore Crossing
07-12-2018 | 07-20 | 39  | Cordula Siege          | 52814 Helena Road
03-12-2018 | 22-32 | 23  | NN                     | 38848 Bashford Court
24-12-2018 | 00-18 | 68  | Flor Renney            | 4 Shelley Pass
10-12-2018 | 13-59 | 70  | Ernestine Yakovlev     | 72947 Eliot Avenue
25-01-2019 | 03-09 | 107 | Elmira Rattray         | 380 Northview Pass
03-01-2019 | 20-58 | 204 | Lanie Dowthwaite       | 912 Michigan Drive
02-01-2019 | 21-32 | 47  | Willy Weagener         | 02 Melvin Place
09-01-2019 | 05-44 | 79  | Kalina Sammon          | 91 Coolidge Place
08-01-2019 | 09-01 | 16  | Ximenes Beyne          | 12331 Haas Avenue
24-12-2018 | 01-03 | 8   | Tildi Alster           | 5 Morningstar Trail
04-02-2019 | 10-53 | 236 | Pren Kernocke          | 533 Homewood Trail
27-01-2019 | 04-07 | 136 | Nikolaus Burgen        | 39708 Pine View Plaza
23-01-2019 | 16-36 | 18  | Felizio Westlake       | 3 Kings Terrace
02-01-2019 | 03-09 | 21  | Trenton McCarrick      | 94191 Rowland Way
07-01-2019 | 02-19 | 100 | Janith Ghelardi        | 7 Glacier Hill Junction
06-02-2019 | 18-36 | 146 | Sherye Baswall         | 3 South Street
08-01-2019 | 21-39 | 99  | Tessie Jeduch          | 4 Sunbrook Park
28-12-2018 | 08-43 | 93  | Ingmar Berends         | 5 Pankratz Court
10-01-2019 | 05-21 | 40  | Nicholas Tidcombe      | 09087 Golden Leaf Court
05-01-2019 | 20-10 | 64  | Dael Eglese            | 15 Reinke Circle
30-01-2019 | 01-51 | 174 | Tobias Butchers        | 508 Sheridan Lane
11-01-2019 | 06-45 | 219 | Helga Hannen           | 0357 Londonderry Center
09-12-2018 | 22-15 | 219 | Jaymie Corwood         | 2 Crownhardt Trail
15-01-2019 | 20-10 | 175 | Bambi Targe            | 60 Blackbird Plaza
13-01-2019 | 00-35 | 5   | Rorie Kynton           | 48 Killdeer Plaza
28-01-2019 | 02-01 | 117 | Gayelord Prin          | 2 John Wall Road
02-01-2019 | 17-11 | 209 | Tiertza Mallabund      | 64 Longview Crossing
08-12-2018 | 17-02 | 29  | Jen Ambrogio           | 20 Fairfield Park
24-12-2018 | 08-36 | 20  | Cassey Griswood        | 747 Oneill Terrace
28-01-2019 | 08-41 | 127 | Abbi Doeg              | 811 Melrose Hill
11-12-2018 | 16-08 | 37  | Hobart Guppey          | 6 Summerview Road
18-12-2018 | 04-44 | 149 | Sherlock Gorcke        | 9084 Manufacturers Place
11-01-2019 | 07-49 | 88  | Kamillah Longmire      | 08 Carioca Street
03-02-2019 | 17-39 | 106 | Ebeneser Bruno         | 11 Loftsgordon Park
08-02-2019 | 12-42 | 223 | Joni Kuhnke            | 6306 Melrose Circle
19-12-2018 | 20-54 | 101 | Ansel Wren             | 6 Bowman Junction
06-12-2018 | 10-24 | 118 | Quinta Spurrier        | 4394 Moulton Road
07-02-2019 | 22-21 | 105 | Corliss Huncote        | 38446 Kenwood Court
24-12-2018 | 23-24 | 128 | Andria Elsmor          | 4565 Elmside Center
23-12-2018 | 23-30 | 12  | Orland Merrgen         | 26729 Summit Terrace
15-12-2018 | 10-00 | 84  | Shalna Kleinerman      | 23 Portage Avenue
12-01-2019 | 13-52 | 203 | Coleman Bold           | 90568 New Castle Street
08-01-2019 | 04-26 | 162 | Klarika Chittock       | 35337 Pierstorff Circle
17-01-2019 | 13-41 | 108 | Cornie Lyles           | 5024 Moose Parkway
13-12-2018 | 12-23 | 27  | Frederich Jindacek     | 95260 Hooker Drive
16-12-2018 | 08-35 | 23  | Johnathan Chapier      | 73 Dakota Hill
01-01-2019 | 11-58 | 168 | Ernesta Janowski       | 506 Hooker Way
03-12-2018 | 06-09 | 201 | Trent Yorkston         | 73599 Tomscot Avenue
23-12-2018 | 09-34 | 237 | Lindi FitzGilbert      | 60601 Anniversary Park
31-01-2019 | 17-58 | 126 | Lexine Buxton          | 7 Cascade Hill
02-12-2018 | 14-31 | 98  | Cass Munson            | 7867 Superior Way
10-12-2018 | 01-14 | 213 | Sauncho Frayne         | 08334 Fulton Pass
15-12-2018 | 17-11 | 108 | Devon Huckerby         | 58000 Sugar Park
16-01-2019 | 05-01 | 204 | Rowney Keddy           | 1 Golf View Crossing
17-01-2019 | 07-14 | 144 | Kristi Standfield      | 660 Reindahl Place
26-12-2018 | 05-44 | 137 | Stanton Mynott         | 2 Laurel Hill
31-01-2019 | 11-17 | 111 | Adelaide Ovise         | 97 Meadow Valley Drive
24-12-2018 | 01-58 | 5   | Desirae Grenkov        | 931 Algoma Way
21-01-2019 | 18-33 | 28  | Lola Adolthine         | 23333 Magdeline Alley
02-01-2019 | 17-37 | 155 | Elnar Storrs           | 911 Cordelia Drive
14-12-2018 | 15-10 | 18  | Roda Petteford         | 3 Raven Avenue
16-12-2018 | 02-59 | 233 | Othilia Kendred        | 50738 La Follette Circle
21-12-2018 | 19-28 | 211 | Paul Turnell           | 94 Elka Plaza
05-01-2019 | 06-07 | 85  | Mariejeanne Guidoni    | 84 Caliangt Parkway
30-12-2018 | 07-36 | 159 | Tabbitha Meeson        | 7 Swallow Road
29-01-2019 | 16-50 | 16  | Xena Jiruch            | 6552 Rutledge Way
19-12-2018 | 14-40 | 41  | Phillida Brosel        | 397 Corry Park
01-01-2019 | 21-16 | 104 | Jerri Fellgett         | 2 Porter Pass
16-01-2019 | 15-48 | 10  | Rolph Sydney           | 3719 Superior Drive
23-12-2018 | 05-46 | 234 | Claresta Purkiss       | 448 Luster Park
05-01-2019 | 00-36 | 219 | Penny Grigoroni        | 95 Doe Crossing Road
08-01-2019 | 20-26 | 165 | Deva Grut              | 90638 Hansons Drive
08-01-2019 | 16-49 | 43  | Wiley Shambrook        | 89803 Bunting Hill
21-01-2019 | 17-48 | 179 | Barbabas Kerin         | 1804 Anhalt Park
24-12-2018 | 16-23 | 171 | Corey Yekel            | 2 Rowland Lane
26-01-2019 | 03-31 | 224 | Tibold Whitchurch      | 81139 Debra Court
24-12-2018 | 05-55 | 110 | Herta Bendall          | 80 Pleasure Street
02-12-2018 | 14-59 | 222 | Josee Keelan           | 1043 Bunker Hill Trail
30-12-2018 | 20-07 | 51  | Bailie Prettejohns     | 642 Cordelia Parkway
27-01-2019 | 23-41 | 233 | Silvanus Spittle       | 9459 Fair Oaks Hill
19-01-2019 | 18-59 | 175 | Torrie Hinemoor        | 888 Marquette Crossing
07-02-2019 | 00-27 | 182 | Nathanael Pass         | 43 Acker Park
03-01-2019 | 07-18 | 206 | Annelise Thibodeaux    | 8942 Columbus Plaza
19-01-2019 | 22-57 | 65  | Jared Whyborn          | 6938 Weeping Birch Court
25-12-2018 | 21-39 | 232 | Lucias Cosbee          | 7901 Thierer Road
10-01-2019 | 14-18 | 209 | Tye Batt               | 0 Tony Plaza
17-12-2018 | 00-17 | 185 | Hilly Hugle            | 4718 Lakeland Parkway
15-12-2018 | 22-03 | 79  | Colline Braham         | 95 Hermina Court
08-01-2019 | 19-25 | 106 | Winslow Whaites        | 5 Elka Pass
26-12-2018 | 20-57 | 52  | Svend Meenehan         | 232 International Street
29-01-2019 | 04-27 | 90  | Kimball Jearum         | 14217 Warbler Terrace
29-01-2019 | 08-28 | 98  | Jessy Broadley         | 1 Randy Circle
02-01-2019 | 18-48 | 173 | Barrett Poge           | 33760 Cascade Alley
31-12-2018 | 18-46 | 111 | Gretta Whiteley        | 008 Pond Trail
22-01-2019 | 04-23 | 47  | Karia Dreamer          | 843 Shoshone Court
14-12-2018 | 07-05 | 181 | Claudius Waulker       | 544 Morning Street
23-01-2019 | 03-31 | 84  | Shirl Tripet           | 47 Loftsgordon Point
23-12-2018 | 09-15 | 124 | Nichole Lias           | 12683 Moose Court
23-12-2018 | 02-55 | 215 | Nealon Benedit         | 6 Green Avenue
31-12-2018 | 09-54 | 157 | Westbrook Bushill      | 244 Carberry Pass
02-02-2019 | 18-48 | 130 | Melisande Woodhouse    | 9179 Pleasure Alley
14-01-2019 | 16-24 | 117 | Leta Blasing           | 8 Twin Pines Court
20-01-2019 | 16-10 | 31  | Marjie Crampsey        | 99 Caliangt Hill
04-12-2018 | 09-23 | 125 | Dayle Kershaw          | 0 Waubesa Crossing
18-01-2019 | 23-48 | 98  | Sindee Newrick         | 51 Pierstorff Junction
26-01-2019 | 21-17 | 90  | Goraud Deakin          | 9176 Sauthoff Road
24-01-2019 | 11-53 | 13  | Tades Swindells        | 4 Gerald Place
04-12-2018 | 19-02 | 23  | Agretha Paprotny       | 772 Lillian Alley
25-01-2019 | 20-39 | 158 | NN                     | 5 Lake View Point
31-12-2018 | 08-37 | 107 | Garvey Hannaway        | 221 Karstens Parkway
26-12-2018 | 19-09 | 213 | Rosie Breming          | 7328 Petterle Center
05-01-2019 | 16-57 | 213 | Hilda Lorenzo          | 7281 Iowa Pass
05-02-2019 | 12-53 | 65  | Cynthy Beininck        | 057 Hansons Court
01-12-2018 | 21-41 | 57  | Marjorie Goede         | 01142 Maywood Pass
24-01-2019 | 13-07 | 135 | Meghann Paoli          | 4 Larry Junction
27-01-2019 | 15-58 | 206 | Thaddeus Cardello      | 82 Stoughton Trail
08-01-2019 | 11-05 | 93  | Alvy Berth             | 8084 Manitowish Avenue
16-12-2018 | 00-42 | 39  | Gracie Emerton         | 75258 Mayfield Pass
30-01-2019 | 01-54 | 158 | Cordell Grim           | 1647 Sycamore Road
20-12-2018 | 13-45 | 117 | Tim Adan               | 16 Sycamore Terrace
12-12-2018 | 13-10 | 108 | Kassey Juggings        | 3103 Waxwing Alley
22-12-2018 | 21-11 | 13  | Holmes Naptine         | 50 Lotheville Place
07-02-2019 | 05-41 | 17  | Rosalinde Bruce        | 69919 East Way
05-01-2019 | 05-26 | 144 | Gertruda Rehn          | 943 Forest Run Lane
04-12-2018 | 12-49 | 89  | Arlinda McCart         | 730 Fairview Alley
17-12-2018 | 09-37 | 71  | Justus Torns           | 01 North Terrace
15-01-2019 | 10-50 | 13  | Lian Parzizek          | 454 Main Street
12-01-2019 | 06-58 | 29  | Suzi Desforges         | 25315 John Wall Court
01-02-2019 | 15-25 | 75  | Arlen Eglise           | 684 Kennedy Street
26-01-2019 | 08-48 | 105 | Cori Penk              | 56 Scofield Alley
16-12-2018 | 00-46 | 129 | Sonnnie Auletta        | 28 Harper Parkway
13-01-2019 | 14-42 | 200 | Wilmette Stenhouse     | 2335 Raven Pass
26-12-2018 | 16-14 | 91  | Daffie Moorcroft       | 3 Magdeline Lane
09-01-2019 | 05-39 | 157 | Daveen Willstrop       | 9051 Corscot Way
21-12-2018 | 21-34 | 84  | Petey De Souza         | 1 Gulseth Alley
30-01-2019 | 15-43 | 99  | Dena Isacoff           | 9536 Shelley Circle
29-01-2019 | 00-23 | 151 | Ortensia Deverose      | 7091 4th Hill
28-01-2019 | 22-53 | 146 | Leslie Corneck         | 6 Ruskin Terrace
18-01-2019 | 06-18 | 103 | Connie Auguste         | 2 Waxwing Trail
02-12-2018 | 09-08 | 46  | Sallyann Viegas        | 82977 Northwestern Pass
01-01-2019 | 10-34 | 80  | Missie Salway          | 002 Hermina Plaza
06-12-2018 | 03-06 | 51  | Aurora Chettle         | 6203 Nelson Lane
21-01-2019 | 20-41 | 88  | Zola Grut              | 89500 Portage Junction
13-12-2018 | 11-14 | 88  | Annis Kenealy          | 80574 Arapahoe Trail
13-01-2019 | 03-09 | 167 | Janek Morsey           | 161 Schlimgen Trail
17-12-2018 | 14-19 | 111 | Onfroi Whithorn        | 545 Lake View Junction
07-02-2019 | 23-57 | 99  | Rock Edward            | 7897 Hoffman Lane
07-02-2019 | 21-22 | 98  | Tonya Huortic          | 8791 Center Avenue
25-01-2019 | 00-36 | 140 | Elfrieda Sholl         | 4 Westridge Parkway
06-01-2019 | 23-49 | 55  | Norry Hankins          | 4020 Little Fleur Crossing
05-01-2019 | 06-46 | 84  | Alvie Perrie           | 6849 Eagan Crossing
07-12-2018 | 22-15 | 70  | Harper Roly            | 7029 Shelley Plaza
30-12-2018 | 07-49 | 88  | Zonda Maffini          | 319 Emmet Way
15-12-2018 | 00-39 | 18  | Adelice Grogona        | 7 Spenser Street
29-01-2019 | 16-58 | 38  | Steven Chadburn        | 41 Marcy Crossing
30-12-2018 | 08-13 | 240 | Garvin Remon           | 31 Northwestern Way
14-01-2019 | 21-16 | 63  | Susan Silverton        | 606 Larry Plaza
23-01-2019 | 21-40 | 17  | Efren Nafziger         | 870 John Wall Court
16-01-2019 | 18-25 | 55  | Rog Leaburn            | 213 Blue Bill Park Center
02-02-2019 | 21-43 | 29  | Bond Gatcliff          | 6 Melody Hill
01-01-2019 | 22-51 | 188 | Conrad McLugish        | 542 Golf View Crossing
20-12-2018 | 04-10 | 197 | Drud Bugge             | 2504 Emmet Point
19-12-2018 | 19-50 | 61  | Ulla Parradye          | 92 Nancy Lane
05-01-2019 | 23-20 | 231 | Perkin Minithorpe      | 89 Maple Road
12-01-2019 | 19-03 | 203 | Griffy Pryke           | 17511 Chive Court
20-01-2019 | 09-12 | 65  | Adiana Giacaponi       | 95459 Karstens Crossing
31-12-2018 | 18-14 | 199 | Krysta Holberry        | 5 Kim Plaza
03-01-2019 | 17-19 | 207 | Lin Water              | 949 Summer Ridge Crossing
21-12-2018 | 02-25 | 171 | Mildred Dungay         | 211 2nd Drive
15-01-2019 | 23-01 | 165 | Sheffy Strafford       | 87430 Manley Terrace
25-12-2018 | 08-00 | 125 | Veronique Garlette     | 372 Eagle Crest Trail
23-12-2018 | 13-57 | 209 | Raye Jereatt           | 27204 Veith Avenue
16-12-2018 | 14-14 | 112 | Carilyn Piggin         | 4 Northwestern Pass
13-12-2018 | 02-58 | 170 | Ethe Josey             | 6062 Nancy Terrace
11-01-2019 | 15-23 | 54  | Mickie McKinnon        | 56043 Sunbrook Alley
01-02-2019 | 04-25 | 108 | Maddy Ritmeyer         | 494 Steensland Point
27-01-2019 | 11-19 | 56  | Lucho Hailston         | 50 Homewood Parkway
05-01-2019 | 22-11 | 160 | Tish Ferreo            | 419 1st Circle
11-12-2018 | 06-55 | 150 | Agace Clewer           | 2 Daystar Drive
07-02-2019 | 01-17 | 100 | Janka Inder            | 00 Elgar Street
22-01-2019 | 21-38 | 234 | Delbert Lorait         | 0347 Commercial Center
03-02-2019 | 14-05 | 228 | Hank Duffan            | 0 Haas Park
29-12-2018 | 14-35 | 15  | Rodina Boulter         | 0 Forest Way
29-01-2019 | 13-45 | 77  | Lezlie Coulston        | 5411 Bunker Hill Avenue
21-01-2019 | 08-09 | 54  | Lynda Strase           | 48176 Amoth Junction
09-01-2019 | 05-46 | 25  | Golda Steane           | 65062 Maple Circle
18-12-2018 | 08-13 | 80  | Camille Fayerman       | 61 Glacier Hill Pass
30-12-2018 | 17-59 | 83  | Mollie Chellingworth   | 7 Dovetail Street
25-12-2018 | 06-30 | 124 | Alvinia Teresi         | 07 Kensington Avenue
31-01-2019 | 15-09 | 234 | NN                     | 96 Cardinal Plaza
18-01-2019 | 17-19 | 90  | Elinor Endle           | 9491 Fordem Center
21-12-2018 | 19-02 | 211 | Hagen Dayes            | 07 Eagan Way
13-12-2018 | 16-04 | 216 | Padgett Tiddeman       | 9 Bluejay Hill
14-01-2019 | 18-17 | 150 | Derward Romain         | 4 Swallow Avenue
07-01-2019 | 13-21 | 5   | Kat Thewless           | 28 Dayton Street
21-01-2019 | 22-29 | 174 | Liliane Snalum         | 0 Florence Way
26-01-2019 | 19-05 | 113 | Kurt Shieber           | 072 Spohn Alley
08-02-2019 | 12-12 | 65  | Mallory Gladdis        | 989 Butternut Trail
05-01-2019 | 14-31 | 33  | Ryley Scottini         | 5333 Bonner Crossing
14-12-2018 | 14-41 | 91  | Penny Forst            | 0914 Donald Pass
03-02-2019 | 03-02 | 183 | Joseph Cowap           | 353 Westport Terrace
13-12-2018 | 18-03 | 207 | Barnabas Abrahmer      | 375 Bayside Junction
06-02-2019 | 00-54 | 126 | Madonna Gelder         | 08045 Schlimgen Street
12-01-2019 | 10-33 | 106 | Jacques Corns          | 87057 Autumn Leaf Crossing
09-01-2019 | 09-23 | 163 | Rafi Maw               | 1 Glendale Place
10-01-2019 | 07-18 | 18  | Ceil Mackie            | 3 Bluejay Drive
01-12-2018 | 08-32 | 109 | Heinrik Quaintance     | 797 School Hill
25-12-2018 | 08-23 | 132 | Sargent Handscombe     | 7726 Merrick Way
04-12-2018 | 18-56 | 75  | Belita McAline         | 05 Esch Center
26-01-2019 | 09-21 | 219 | Adey Laurenson         | 25346 Northwestern Way
01-02-2019 | 05-44 | 37  | Cherish Ragsdale       | 40214 Buhler Hill
11-12-2018 | 10-51 | 137 | Barbette Guillot       | 97573 Clove Center
14-12-2018 | 15-48 | 130 | Malchy Helmke          | 2139 Wayridge Park
31-01-2019 | 16-02 | 31  | Aggy Becke             | 7 East Park
07-01-2019 | 15-14 | 89  | Lindi Hatt             | 470 Russell Point
09-01-2019 | 00-07 | 17  | Grantham Cornborough   | 6353 Fremont Road
06-12-2018 | 23-13 | 233 | Rahel Poor             | 375 Fairfield Crossing
09-01-2019 | 03-09 | 8   | Kara-lynn Pires        | 47210 Schlimgen Court
28-01-2019 | 15-04 | 107 | Alasteir Groucock      | 96 Raven Hill
10-12-2018 | 13-04 | 144 | Matti Keys             | 726 Homewood Plaza
18-12-2018 | 12-59 | 53  | Eugenia Dudny          | 4170 Surrey Terrace
05-02-2019 | 11-56 | 162 | Reece Huxham           | 64215 Merrick Road
01-02-2019 | 01-08 | 65  | Kimberly Dudney        | 50741 High Crossing Lane
26-12-2018 | 09-52 | 52  | Jess Sambells          | 77517 Atwood Place
07-12-2018 | 06-02 | 233 | Glynnis Pietruszewicz  | 804 Fairview Avenue
11-12-2018 | 17-57 | 58  | Blair Quincey          | 75733 Ridgeview Lane
22-12-2018 | 01-28 | 224 | Viole Toulch           | 637 Redwing Pass
31-01-2019 | 00-30 | 225 | Sampson Pirie          | 6009 Brown Avenue
24-01-2019 | 06-51 | 90  | Shanan Hellis          | 1360 Bashford Circle
10-12-2018 | 14-23 | 145 | Gabe Isherwood         | 98731 Continental Terrace
06-12-2018 | 02-06 | 144 | Alma Lanston           | 45990 Twin Pines Court
07-12-2018 | 18-03 | 169 | Celestine Banbury      | 144 Rusk Center
23-01-2019 | 21-58 | 94  | Staford Tesh           | 0300 Morningstar Avenue
05-01-2019 | 08-32 | 222 | Whitney Hattiff        | 47783 Clarendon Hill
10-01-2019 | 16-16 | 134 | Raquela Tharme         | 12933 Dunning Way
23-01-2019 | 04-15 | 98  | Damita Canedo          | 7702 Toban Crossing
06-02-2019 | 21-33 | 200 | Ayn Baigrie            | 5133 Spohn Crossing
12-01-2019 | 19-53 | 144 | Jenine Courtier        | 82988 Westend Crossing
08-01-2019 | 06-52 | 22  | Baxie Starte           | 6 Atwood Trail
28-01-2019 | 09-03 | 111 | Markos Trineman        | 09 Shasta Court
17-12-2018 | 01-13 | 142 | Lance Prene            | 1 Tennyson Park
08-12-2018 | 19-12 | 211 | Melisa Mead            | 0 Golf Point
23-12-2018 | 04-04 | 8   | Haily Penketh          | 457 5th Drive
06-02-2019 | 18-30 | 75  | Alyse Doylend          | 754 Manitowish Terrace
09-12-2018 | 18-25 | 232 | Celisse Avis           | 26 Ohio Hill
10-12-2018 | 23-10 | 234 | Isac Bailie            | 65707 Ilene Alley
08-02-2019 | 05-14 | 39  | Damaris Covert         | 68 Granby Park
02-02-2019 | 01-53 | 66  | Alex Dunton            | 78 Maple Pass
11-01-2019 | 18-46 | 176 | Hilda Sevitt           | 5 Shelley Lane
29-12-2018 | 14-05 | 86  | Deeyn Finker           | 617 Sachs Drive
13-12-2018 | 12-14 | 37  | Merrily Haspineall     | 73014 Heath Street
17-12-2018 | 23-34 | 130 | Anallise Butterfill    | 82946 Walton Road
18-01-2019 | 01-44 | 68  | Corinne Trenholme      | 42 Anderson Park
04-12-2018 | 17-00 | 42  | Kacy Lynas             | 4749 South Plaza
16-01-2019 | 13-22 | 84  | Avrom Stoop            | 82 Pankratz Park
05-01-2019 | 08-28 | 66  | Garrett Blackler       | 68 Laurel Alley
23-12-2018 | 02-38 | 105 | Tillie Blazy           | 433 Lunder Parkway
08-02-2019 | 11-50 | 220 | Stewart Strevens       | 1 Esker Point
04-12-2018 | 02-52 | 218 | Paco Udell             | 87 Lake View Place
07-12-2018 | 15-40 | 18  | Catharine Moohan       | 1 Melrose Crossing
04-02-2019 | 04-38 | 77  | Bartie Cornner         | 57 Park Meadow Road
08-01-2019 | 16-13 | 119 | Roderic Lettice        | 341 John Wall Court
26-12-2018 | 17-04 | 65  | Jere Westmoreland      | 089 Hollow Ridge Trail
06-02-2019 | 08-19 | 172 | Fernanda Tommasi       | 6 Burning Wood Parkway
19-12-2018 | 17-39 | 30  | Valeda Fish            | 712 Acker Terrace
18-01-2019 | 01-25 | 178 | Vincent Bickerstaff    | 5 Graceland Court
18-12-2018 | 12-09 | 34  | Jessee Chadney         | 22 Lighthouse Bay Hill
02-01-2019 | 07-46 | 234 | Jenica Cruess          | 28434 Sheridan Drive
27-12-2018 | 06-09 | 123 | Kurt Assel             | 68217 Oak Valley Pass
27-01-2019 | 14-52 | 113 | Velma Dickson          | 41424 Golf Circle
21-01-2019 | 14-57 | 70  | Clea Stelfox           | 207 Bay Circle
03-12-2018 | 16-37 | 236 | Tyrone Milan           | 34 Lawn Circle
23-01-2019 | 23-26 | 231 | Bjorn Lope             | 10 Fisk Drive
19-12-2018 | 07-29 | 73  | Geri DeSousa           | 8 Redwing Street
23-12-2018 | 09-45 | 113 | Nell Jirsa             | 492 Sugar Place
07-12-2018 | 10-24 | 200 | Hanni Heinritz         | 84 Towne Hill
18-12-2018 | 16-13 | 29  | Hope Ventum            | 89508 Maple Wood Place
03-01-2019 | 12-07 | 99  | Byram Rutley           | 13169 Marcy Avenue
23-12-2018 | 18-43 | 105 | Garrot Michurin        | 672 Lindbergh Lane
02-02-2019 | 13-09 | 62  | Ramsey Astle           | 90554 Dorton Hill
01-02-2019 | 04-58 | 240 | Cully Slorach          | 5647 Lillian Parkway
09-01-2019 | 18-38 | 213 | Bastian Waggatt        | 672 Karstens Plaza
28-12-2018 | 19-32 | 105 | Brana Hyam             | 08620 Ilene Place
30-12-2018 | 09-02 | 173 | Annabal Brugsma        | 8 Dennis Court
12-01-2019 | 03-13 | 98  | NN                     | 0542 Green Way
27-12-2018 | 01-21 | 7   | Barbabas Eddicott      | 1 Carpenter Avenue
31-01-2019 | 03-10 | 34  | Amberly Scandrite      | 36725 Holy Cross Crossing
24-12-2018 | 04-44 | 165 | Jackquelin Fancott     | 433 Fulton Plaza
26-12-2018 | 09-19 | 174 | Hy Semper              | 56 Sheridan Point
03-02-2019 | 17-31 | 154 | Arliene Murr           | 4255 Little Fleur Avenue
02-12-2018 | 20-57 | 54  | Tiphanie Melton        | 83398 Cascade Street
01-02-2019 | 15-55 | 157 | Charley Lotherington   | 809 Debs Plaza
03-02-2019 | 16-33 | 166 | Dita Meffen            | 69 Golden Leaf Circle
19-12-2018 | 09-59 | 151 | Noell Erbain           | 54 5th Place
18-01-2019 | 16-16 | 54  | Gauthier Wheeldon      | 87564 Randy Circle
10-12-2018 | 22-37 | 90  | Leeann Marder          | 5 Mayfield Drive
21-12-2018 | 09-48 | 31  | Pincus Comport         | 6 Barby Parkway
01-01-2019 | 22-11 | 70  | Hi Tasseler            | 12545 Lien Pass
25-01-2019 | 05-13 | 186 | Thor Senn              | 5502 Brentwood Point
02-02-2019 | 21-03 | 143 | Salvidor Noden         | 1878 Thompson Plaza
23-01-2019 | 19-58 | 67  | Germaine Draisey       | 1 Springview Junction
20-12-2018 | 20-23 | 28  | Jasun Bodham           | 79 Stang Road
31-12-2018 | 13-17 | 121 | Genny Delafont         | 098 Clove Drive
29-12-2018 | 13-32 | 215 | Agnesse de Almeida     | 48101 Westridge Circle
22-12-2018 | 08-16 | 122 | Cristin Reddlesden     | 0070 Maryland Lane
07-02-2019 | 17-16 | 168 | Tedda Padson           | 6575 Farwell Center
08-12-2018 | 22-54 | 58  | Rozanna Iffland        | 289 Amoth Trail
25-01-2019 | 06-58 | 101 | Alvina Hallatt         | 3 Sheridan Street
06-12-2018 | 09-50 | 78  | Ailee Scholz           | 8921 Becker Place
15-01-2019 | 11-02 | 194 | Loren Garrison         | 04747 Bellgrove Parkway
26-01-2019 | 21-49 | 77  | Malva Tatam            | 711 Spohn Crossing
10-12-2018 | 23-13 | 159 | Leroi Everington       | 12 Spaight Park
18-01-2019 | 16-52 | 15  | Emmy Knell             | 981 Pine View Junction
18-12-2018 | 10-18 | 66  | Jarrid Tilio           | 0573 7th Lane
04-02-2019 | 17-27 | 124 | Victor Leall           | 380 Declaration Point
26-01-2019 | 09-36 | 13  | Husain Mouat           | 70 Forest Center
20-01-2019 | 06-21 | 148 | Benito Meddick         | 51272 Arapahoe Street
11-01-2019 | 02-57 | 18  | Melba Tennock          | 2823 Maryland Crossing
28-01-2019 | 21-35 | 183 | Burnard Tupman         | 6 Bunting Junction
24-12-2018 | 01-32 | 92  | Rhett McRae            | 7 Reinke Parkway
06-01-2019 | 15-48 | 56  | Son Drakes             | 4 Debs Hill
07-02-2019 | 14-18 | 60  | Lazaro Ventum          | 4 Evergreen Way
29-12-2018 | 14-32 | 132 | Freddie Baford         | 3713 Fremont Pass
13-01-2019 | 19-50 | 33  | Boony Lince            | 10558 Manitowish Avenue
15-01-2019 | 19-28 | 179 | Constancia Dawton      | 0695 Roth Terrace
31-01-2019 | 12-28 | 158 | Cordell Derell         | 6 David Junction
14-01-2019 | 07-01 | 169 | Odessa Mathison        | 6870 Dexter Circle
29-12-2018 | 11-03 | 224 | Birgitta Pfertner      | 19665 Ilene Plaza
28-01-2019 | 18-25 | 168 | Beverly Cutill         | 4 Homewood Park
17-01-2019 | 03-49 | 99  | Herminia Dingle        | 2672 Summer Ridge Hill
20-12-2018 | 11-24 | 8   | Loise Shinfield        | 71012 Weeping Birch Drive
16-01-2019 | 00-01 | 206 | Gerick Alldread        | 15817 Carey Hill
21-01-2019 | 11-31 | 99  | Nanny Biernacki        | 1977 Daystar Trail
25-01-2019 | 20-02 | 6   | Thayne Surmeyer        | 90407 Sutherland Way
28-12-2018 | 01-07 | 130 | Rodrigo Kiehnlt        | 6220 North Alley
23-01-2019 | 04-56 | 118 | Boonie Ireson          | 447 Division Trail
24-12-2018 | 03-04 | 224 | Abagael Wrankling      | 296 Amoth Alley
01-01-2019 | 05-23 | 146 | Jacqueline De Michele  | 55 8th Street
13-12-2018 | 14-43 | 137 | Holly Rothwell         | 06509 Ridge Oak Court
04-01-2019 | 19-34 | 98  | Artemis Flieger        | 47 Tomscot Avenue
14-01-2019 | 19-22 | 124 | Doralin Capstake       | 04 Center Pass
25-01-2019 | 10-54 | 76  | Shirlene Bugge         | 605 Spenser Alley
26-12-2018 | 17-39 | 29  | Gerhardt Gauson        | 3 Crowley Terrace
05-12-2018 | 06-15 | 129 | Heinrick Reuss         | 11420 Jenna Plaza
23-12-2018 | 15-43 | 116 | Denis Suttill          | 4559 8th Street
28-12-2018 | 15-58 | 53  | Mord MacLoughlin       | 78 Independence Street
16-12-2018 | 07-39 | 143 | Elke Manger            | 37457 Northport Junction
02-12-2018 | 23-51 | 29  | Lorna Deesly           | 6241 Golf View Terrace
06-12-2018 | 06-45 | 135 | Thomasine Ainley       | 972 Hauk Hill
01-01-2019 | 11-10 | 146 | Luciano Duham          | 12369 Mallard Court
29-01-2019 | 23-43 | 86  | Mart Willshire         | 79372 Del Sol Pass
17-12-2018 | 14-09 | 48  | Trix Lack              | 2219 Harbort Center
20-12-2018 | 03-33 | 15  | Hasty Cottill          | 772 Mosinee Pass
13-12-2018 | 04-52 | 101 | Farica Seamark         | 3 Fairfield Junction
13-12-2018 | 00-44 | 48  | Fraze Bulman           | 68585 Northfield Point
14-01-2019 | 10-02 | 99  | Darb Rivlin            | 05257 Barnett Junction
03-01-2019 | 10-36 | 211 | Scotti Masserel        | 1 Debs Point
17-12-2018 | 15-48 | 212 | Quentin Oldershaw      | 37 Stephen Park
06-01-2019 | 20-40 | 168 | Maighdiln Pereira      | 69 Surrey Plaza
28-12-2018 | 13-25 | 98  | Shurwood Baldam        | 59817 Oxford Center
01-12-2018 | 07-44 | 5   | Kerrin Dalla           | 3234 Golf Pass
27-01-2019 | 00-07 | 96  | Jeremias Brocklebank   | 1002 Hudson Trail
24-12-2018 | 01-48 | 115 | Ernest Kindleysides    | 1972 Toban Pass
05-12-2018 | 18-10 | 43  | Rosabel Fretson        | 5 Homewood Park
25-12-2018 | 07-46 | 53  | Roddy Shire            | 627 Calypso Street
24-12-2018 | 01-00 | 112 | Camel McIlenna         | 8 Division Lane
02-12-2018 | 05-59 | 75  | Marleen Ajsik          | 7 Farragut Road
20-01-2019 | 07-51 | 70  | Goldina Pearton        | 8 Mesta Junction
26-01-2019 | 05-25 | 96  | Ardelle Larwood        | 329 South Terrace
02-02-2019 | 03-31 | 115 | Germayne Blandamore    | 8921 Waxwing Way
17-01-2019 | 20-07 | 150 | Hannah Mertsching      | 756 Coleman Circle
30-12-2018 | 21-23 | 219 | Jerald Axelbey         | 5 Bartillon Park
05-02-2019 | 06-34 | 204 | Kattie Murie           | 8 Hoard Point
05-12-2018 | 04-05 | 203 | Arin Matejic           | 41 Tennessee Circle
15-01-2019 | 17-19 | 186 | Giorgia Vannuccini     | 694 Sachs Way
12-01-2019 | 15-28 | 78  | Ashley Locksley        | 8 Stone Corner Plaza
01-01-2019 | 06-17 | 124 | Kevin Doumenc          | 57 Bluestem Pass
09-01-2019 | 07-32 | 212 | Maxy Zamorrano         | 3982 Mcguire Road
05-01-2019 | 16-52 | 76  | Gunner Shaudfurth      | 9311 Garrison Street
19-01-2019 | 01-50 | 20  | Daron Fitchet          | 689 Hermina Center
01-02-2019 | 11-30 | 227 | Rudolf Baylie          | 35 International Pass
10-01-2019 | 19-12 | 86  | Alidia Knolles-Green   | 78 International Parkway
05-02-2019 | 23-30 | 123 | Gaylord Jancik         | 52466 Buena Vista Hill
24-01-2019 | 05-40 | 118 | Cherianne Giblin       | 443 Anhalt Junction
27-01-2019 | 03-45 | 170 | Casper Brane           | 5 Arizona Point
12-12-2018 | 19-27 | 49  | Amalle Bruckstein      | 722 Ridgeway Crossing
05-01-2019 | 06-47 | 183 | Agata Herion           | 3221 Oxford Hill
04-02-2019 | 19-03 | 111 | Elvera Dinesen         | 7448 Melvin Crossing
11-01-2019 | 08-40 | 21  | Henderson Denning      | 174 Hazelcrest Street
19-01-2019 | 17-38 | 14  | Fabian Warburton       | 7565 Ruskin Trail
20-12-2018 | 17-48 | 16  | Caye Ball              | 1616 Melody Point
22-12-2018 | 03-04 | 82  | Skip Beagin            | 886 Parkside Circle
04-12-2018 | 16-54 | 74  | Arly Lyard             | 2769 Meadow Valley Avenue
04-12-2018 | 02-43 | 179 | Lynelle Maddy          | 57406 Farwell Crossing
23-12-2018 | 19-14 | 222 | Tabbitha Bendelow      | 7049 Dixon Place
08-12-2018 | 12-30 | 183 | Elinor Crannage        | 53 Daystar Avenue
04-02-2019 | 09-59 | 190 | Rhetta Farfull         | 73775 Hoepker Junction
07-12-2018 | 07-38 | 45  | Hansiain Scorthorne    | 185 Scott Plaza
03-02-2019 | 13-24 | 51  | Shanon Brundill        | 59 Loeprich Junction
18-01-2019 | 13-57 | 91  | Melly Roseman          | 6 Maryland Center
14-12-2018 | 17-59 | 67  | Tanny Woolatt          | 674 Nobel Trail
05-12-2018 | 17-21 | 79  | Hermy Gepheart         | 6 Del Sol Alley
16-12-2018 | 05-35 | 74  | Farlay Lightwing       | 00938 Lerdahl Park
09-01-2019 | 08-28 | 33  | Armin Pauleau          | 0978 Bluestem Avenue
05-12-2018 | 14-27 | 143 | Worden Farran          | 95024 Rutledge Place
17-12-2018 | 22-11 | 71  | Valerye Bensley        | 67756 Tennessee Circle
04-01-2019 | 17-22 | 216 | Aube Nacci             | 54548 Harbort Alley
12-01-2019 | 01-16 | 193 | Sheela Shadfourth      | 67 Farmco Way
07-02-2019 | 22-27 | 212 | Samara Stovold         | 15 Scott Parkway
24-12-2018 | 03-37 | 205 | Shaun Cluely           | 62417 Ridge Oak Avenue
11-01-2019 | 03-41 | 142 | Loree Digle            | 9 Mesta Street
14-01-2019 | 16-32 | 70  | Cristie Moralas        | 1093 Melody Court
11-01-2019 | 21-39 | 186 | Ferguson Leyrroyd      | 997 Heath Center
13-12-2018 | 10-41 | 72  | Antonio Harkus         | 348 Loeprich Terrace
23-01-2019 | 12-26 | 158 | Annalee Boar           | 7 Mayer Trail
26-12-2018 | 16-08 | 76  | Terri Crossley         | 67087 Oakridge Pass
23-01-2019 | 00-13 | 141 | Ogdon Crowd            | 024 Lakewood Gardens Street
14-12-2018 | 14-30 | 96  | Farly Phettis          | 6 Westend Circle
22-12-2018 | 06-00 | 219 | Pavla Bes              | 8604 Basil Circle
06-12-2018 | 11-30 | 6   | Colver Farrens         | 4 Hoepker Terrace
11-01-2019 | 12-17 | 40  | Redford Albrighton     | 16 Roxbury Pass
25-12-2018 | 18-43 | 53  | Gerti Jirieck          | 40992 Jenna Alley
14-01-2019 | 20-50 | 195 | Pru Keenan             | 0734 American Ash Alley
03-12-2018 | 23-17 | 189 | Derrik Baistow         | 2217 Center Trail
12-12-2018 | 03-29 | 67  | Sigfrid Cadagan        | 5113 Warbler Terrace
19-01-2019 | 23-10 | 222 | Beck Ebbens            | 08939 Charing Cross Alley
04-01-2019 | 18-17 | 47  | Garold Worsnip         | 23959 Ludington Terrace
04-01-2019 | 03-24 | 5   | Babs Swinney           | 6 Cascade Court
05-02-2019 | 00-23 | 105 | Johan Rodrigues        | 0861 Ohio Avenue
13-01-2019 | 17-18 | 9   | Maisie Remer           | 6887 Manley Court
03-12-2018 | 07-49 | 118 | Daune Malpas           | 6 Schmedeman Road
30-12-2018 | 12-54 | 171 | Thain Sailer           | 55 Roth Lane
03-02-2019 | 07-28 | 121 | Martie Klimkin         | 79845 Fairview Center
05-02-2019 | 12-16 | 63  | Nicoli Priest          | 064 Arrowood Crossing
31-01-2019 | 03-57 | 107 | Maddie Dabbes          | 82 Muir Parkway
08-12-2018 | 12-04 | 108 | Ranice Moulder         | 0 Manitowish Street
27-12-2018 | 12-34 | 103 | Hortensia Hamber       | 14 Butternut Place
20-01-2019 | 06-53 | 227 | Rabi Cleeves           | 77 Kenwood Lane
04-01-2019 | 10-38 | 14  | Marya Swires           | 375 Maywood Crossing
04-12-2018 | 08-56 | 70  | Sandy Mussolini        | 7227 Forster Plaza
10-01-2019 | 15-04 | 172 | Theobald Hyam          | 25507 Lakewood Road
17-01-2019 | 10-33 | 54  | Benetta Kensett        | 4 Hoepker Terrace
10-12-2018 | 03-00 | 196 | Imogen Comelini        | 38098 Sunfield Circle
22-12-2018 | 08-30 | 164 | Thibaud Sancto         | 534 New Castle Circle
03-01-2019 | 14-22 | 53  | Katherina Cabble       | 15 Farwell Center
11-12-2018 | 08-40 | 142 | Jacki Bollom           | 128 Buhler Place
21-01-2019 | 08-47 | 73  | Rudolfo Selly          | 8 Morrow Way
21-12-2018 | 12-57 | 211 | Georgeta Deluze        | 799 Crownhardt Avenue
20-01-2019 | 18-01 | 29  | Courtnay Allan         | 41881 Chinook Terrace
12-01-2019 | 23-01 | 85  | Lorrie Fawthorpe       | 5964 Eliot Terrace
18-01-2019 | 09-49 | 174 | Stephine Sinnie        | 6 Kim Crossing
13-12-2018 | 09-44 | 24  | Lona Cabrer            | 3 Old Shore Pass
04-02-2019 | 18-33 | 88  | Kelley Keson           | 30385 Moland Center
16-01-2019 | 06-57 | 80  | Adiana Birdis          | 21 Schurz Alley
28-12-2018 | 22-38 | 230 | Debi Dishman           | 28362 Londonderry Circle
09-01-2019 | 19-58 | 174 | Westley Grayer         | 61 Basil Hill
11-12-2018 | 05-24 | 134 | Harmony McMorland      | 8 Esch Court
17-12-2018 | 01-59 | 194 | Zach Liddington        | 9811 South Junction
18-12-2018 | 03-37 | 71  | Drucill Leyden         | 940 Hovde Drive
12-12-2018 | 09-16 | 169 | Rozalie Anning         | 56022 Summer Ridge Point
17-12-2018 | 02-33 | 142 | Bunny Darbon           | 22593 Shopko Court
14-12-2018 | 22-34 | 89  | Wheeler Douglas        | 91582 Oxford Place
27-12-2018 | 01-28 | 178 | Bella Heinsen          | 0 Arrowood Drive
15-12-2018 | 07-56 | 193 | Malinde Losebie        | 26 Gerald Parkway
28-01-2019 | 18-40 | 120 | Elinor Blazhevich      | 89 Aberg Avenue
21-01-2019 | 08-10 | 86  | Fair Coldridge         | 6 Michigan Place
13-12-2018 | 21-49 | 71  | Wandis Abate           | 01477 Granby Alley
02-02-2019 | 07-03 | 178 | Catlin Turland         | 031 Brickson Park Park
15-12-2018 | 07-58 | 183 | Danya Stickells        | 235 Forest Dale Road
04-12-2018 | 21-12 | 169 | Wilie Sillito          | 8 Montana Place
05-12-2018 | 17-22 | 205 | Ebonee Tokell          | 2250 Merrick Plaza
29-12-2018 | 01-48 | 169 | Innis Gaither          | 0078 Autumn Leaf Center
02-12-2018 | 05-24 | 207 | Salomo Aykroyd         | 24515 Jackson Court
16-01-2019 | 09-43 | 63  | Giselle Hyder          | 3081 Village Green Junction
01-01-2019 | 11-26 | 234 | Leigh Btham            | 3020 Buhler Trail
20-12-2018 | 13-08 | 49  | Verla Andrzejczak      | 88 Miller Hill
20-01-2019 | 05-49 | 171 | Farah Stiger           | 7359 Blaine Point
22-12-2018 | 01-37 | 85  | Eleni Dabes            | 21 Shopko Place
19-01-2019 | 12-04 | 211 | Julee Galliford        | 01584 Delaware Avenue
18-01-2019 | 02-37 | 178 | Antoine Kivlin         | 66 Grover Pass
13-01-2019 | 09-51 | 138 | Ellswerth Ruthen       | 49 Amoth Trail
05-01-2019 | 20-59 | 139 | Flora Raraty           | 9241 Banding Drive
29-12-2018 | 00-25 | 26  | Lory Upham             | 5 Fairview Circle
03-01-2019 | 05-15 | 93  | Gerhard Nelsey         | 08424 Spaight Court
20-12-2018 | 22-23 | 204 | Mathilde Bargery       | 4633 Dryden Terrace
05-12-2018 | 22-31 | 135 | Jessamine Rawlin       | 03 Thackeray Avenue
08-12-2018 | 03-22 | 112 | Marin Garbutt          | 25 South Plaza
28-12-2018 | 06-16 | 132 | Fabian Quinnet         | 160 Homewood Avenue
26-12-2018 | 15-59 | 58  | Tildie Yven            | 71023 East Circle
06-01-2019 | 11-31 | 176 | Matteo Rowberry        | 6607 Menomonie Crossing
15-12-2018 | 11-42 | 128 | Vitia Basey            | 76 Mayfield Drive
24-01-2019 | 07-15 | 56  | Bert Halwell           | 11 Butternut Junction
05-01-2019 | 03-58 | 234 | Maddi Melin            | 6 Novick Terrace
30-12-2018 | 09-17 | 142 | Gayleen Petrelluzzi    | 699 Gina Way
11-01-2019 | 07-56 | 135 | Saraann de Nore        | 843 Tennessee Junction
07-01-2019 | 21-55 | 118 | Ronalda Nelane         | 0 Troy Plaza
27-01-2019 | 08-56 | 42  | Leanor Dreossi         | 3412 Linden Crossing
03-02-2019 | 06-06 | 207 | Kermit Burmaster       | 48 John Wall Alley
26-01-2019 | 21-01 | 176 | Haleigh Edler          | 17 Bayside Place
14-01-2019 | 21-24 | 45  | Cosimo Newman          | 952 Maple Trail
03-12-2018 | 00-04 | 139 | Garwin Cady            | 404 Rieder Plaza
28-12-2018 | 18-04 | 42  | Malynda Latey          | 29 Moulton Way
31-01-2019 | 13-40 | 227 | Hedwiga Over           | 3 Northwestern Alley
08-01-2019 | 02-41 | 191 | Charo Bracknell        | 2046 Acker Park
29-12-2018 | 22-54 | 179 | Munmro Houlridge       | 95543 Eastlawn Pass
17-12-2018 | 08-57 | 157 | Luke Richin            | 1675 Springview Point
06-02-2019 | 12-32 | 13  | Ricardo Polamontayne   | 5 Mesta Circle
05-02-2019 | 18-19 | 54  | Roana Macieja          | 64 Quincy Hill
02-12-2018 | 10-17 | 73  | Adele Swancott         | 909 Grover Street
18-01-2019 | 02-42 | 218 | Inger Kehir            | 6327 Oak Valley Point
06-01-2019 | 23-02 | 38  | Bertine Karppi         | 8231 Everett Road
07-02-2019 | 11-23 | 193 | Jess Dyshart           | 24690 Warner Point
12-12-2018 | 08-12 | 6   | Barth Patria           | 688 Mcbride Crossing
05-01-2019 | 01-46 | 104 | Mariellen Maps         | 45 Red Cloud Drive
20-01-2019 | 05-12 | 26  | Kirbee Weatherdon      | 36470 Clemons Street
25-12-2018 | 00-15 | 23  | Zachary Grimsell       | 1 Loomis Center
19-01-2019 | 12-42 | 172 | Galven Pulfer          | 07 Menomonie Point
04-02-2019 | 12-45 | 147 | Judon Priter           | 6 Goodland Crossing
20-12-2018 | 02-26 | 165 | Dennie Bortolini       | 53 Everett Way
16-01-2019 | 07-29 | 139 | Matteo Simms           | 4 Ohio Road
02-02-2019 | 11-34 | 153 | Fayina Wolters         | 1325 Coleman Junction
05-01-2019 | 18-43 | 210 | Marjie Bertot          | 5395 American Ash Point
25-12-2018 | 20-28 | 67  | Delmore BoHlingolsen   | 81 Harper Way
20-12-2018 | 10-32 | 62  | Glory Chadney          | 3 Fairfield Place
19-01-2019 | 05-53 | 47  | Addi Spurdens          | 26 Killdeer Center
06-12-2018 | 22-53 | 203 | Vivia Jumeau           | 60109 Mariners Cove Lane
08-02-2019 | 05-45 | 127 | Zacharias Fishbie      | 3158 Trailsway Hill
14-01-2019 | 10-03 | 134 | Rhona Russi            | 28029 Arrowood Hill
28-12-2018 | 20-02 | 170 | Don Dimanche           | 7 Sauthoff Street
17-12-2018 | 21-20 | 104 | Crystal Rois           | 45599 Kim Park
26-12-2018 | 01-03 | 100 | Alric Jakes            | 37919 Sherman Plaza
23-01-2019 | 13-38 | 152 | Bird Pittock           | 13 Clove Terrace
21-01-2019 | 20-00 | 168 | Cornela Gallone        | 0739 Graedel Hill
30-12-2018 | 00-09 | 237 | Bren Mount             | 096 Helena Parkway
31-01-2019 | 02-46 | 53  | Fidelity Windley       | 21180 Blue Bill Park Drive
08-02-2019 | 11-22 | 183 | Patton Brigginshaw     | 323 Brown Circle
19-01-2019 | 10-45 | 119 | Eleanore Stickford     | 83842 Parkside Hill
08-02-2019 | 13-36 | 189 | Herta Minard           | 653 Del Mar Junction
20-01-2019 | 13-22 | 40  | Melinde Ruos           | 7 Eggendart Avenue
12-12-2018 | 01-55 | 108 | Auroora Lutty          | 06 Ruskin Way
01-12-2018 | 18-20 | 228 | Grayce Stannering      | 97491 Annamark Road
07-12-2018 | 21-06 | 95  | Nonie Crich            | 86 Petterle Way
14-01-2019 | 08-23 | 46  | Tiler Souza            | 84577 Pepper Wood Terrace
06-12-2018 | 22-54 | 130 | Leland Warters         | 0 Eagan Crossing
21-12-2018 | 08-11 | 197 | Verena Vakhonin        | 294 Lakewood Court
22-12-2018 | 23-20 | 198 | Syd Millhill           | 3285 Dorton Park
23-12-2018 | 02-02 | 240 | Britni Drought         | 9 Schiller Street
06-12-2018 | 04-27 | 65  | Vernon Aldrich         | 641 Paget Place
08-12-2018 | 23-02 | 50  | Tobit Ferruzzi         | 3 Derek Plaza
19-01-2019 | 19-55 | 13  | Tiler Keetley          | 29044 Lakewood Gardens Way
02-12-2018 | 07-43 | 51  | Weber Geldart          | 77457 American Ash Way
23-12-2018 | 16-45 | 210 | Marys Shingles         | 9 Roxbury Lane
05-01-2019 | 22-54 | 181 | Derick Hannigan        | 2345 Del Mar Road
08-02-2019 | 06-45 | 16  | Virgilio Redwin        | 5 Maple Avenue
12-12-2018 | 09-21 | 180 | Garfield Sargood       | 56 Scofield Junction
19-12-2018 | 00-49 | 238 | Danit Donald           | 431 Carey Park
09-12-2018 | 10-41 | 150 | Ferdinand Leggs        | 92 Amoth Road
08-01-2019 | 14-09 | 50  | Luce Swallwell         | 522 Lake View Point
15-12-2018 | 08-33 | 68  | Sanderson Cowap        | 4282 American Ash Alley
04-01-2019 | 21-58 | 140 | Prue Petto             | 95607 Fairview Crossing
03-01-2019 | 17-15 | 156 | Duffy Tattershall      | 7 Elgar Way
15-01-2019 | 12-49 | 169 | Hedvige Ruggier        | 066 Forster Lane
08-02-2019 | 16-31 | 55  | Brion Clissold         | 18840 Stang Terrace
04-02-2019 | 00-42 | 204 | Tiebold Burhouse       | 0491 Mayfield Junction
04-01-2019 | 03-11 | 118 | Frannie Bolstridge     | 85 Kedzie Hill
23-12-2018 | 13-26 | 234 | Allix Esposito         | 059 Golden Leaf Park
21-01-2019 | 11-26 | 19  | Kane Mansuer           | 47 Hoepker Parkway
16-01-2019 | 04-51 | 182 | Ogden Deble            | 68735 Mendota Park
29-01-2019 | 11-56 | 59  | Cindra Rominov         | 34849 Prairieview Road
08-02-2019 | 03-17 | 59  | Aurilia Mitkin         | 92595 Ryan Trail
26-12-2018 | 23-57 | 15  | Heather Makinson       | 3099 Myrtle Trail
30-12-2018 | 08-13 | 34  | Hillie Colleran        | 42256 Northridge Court
14-01-2019 | 20-30 | 112 | West Isbell            | 01801 Surrey Hill
25-01-2019 | 14-27 | 202 | Edee Aldus             | 2909 Nevada Trail
21-01-2019 | 01-58 | 231 | Calli Sket             | 475 Warrior Center
04-12-2018 | 07-02 | 87  | Roxi McFeat            | 2 Butterfield Plaza
24-01-2019 | 20-53 | 227 | Mattheus Seabert       | 297 Alpine Pass
22-01-2019 | 05-43 | 135 | Duncan Cusiter         | 1 Moulton Center
07-01-2019 | 03-54 | 71  | Rebeka Comiam          | 57856 Thompson Avenue
20-01-2019 | 13-45 | 49  | Codi Penelli           | 765 Sage Street
20-01-2019 | 00-59 | 191 | Rosella Friett         | 63962 Eastlawn Lane
02-12-2018 | 06-16 | 216 | Engracia Bosley        | 794 Westend Circle
19-01-2019 | 23-19 | 18  | Leandra Roarty         | 35302 Emmet Center
31-12-2018 | 11-02 | 210 | Amble Escale           | 84466 Butternut Plaza
20-01-2019 | 09-49 | 153 | Bonni Van Der Straaten | 48 Dahle Junction
19-01-2019 | 12-45 | 196 | Jacky Gallo            | 09117 Dayton Crossing
26-01-2019 | 20-14 | 194 | Jory Guerreru          | 304 Old Shore Lane
25-12-2018 | 00-23 | 34  | Sutherlan Semon        | 08348 Manley Pass
25-12-2018 | 00-40 | 187 | Gretchen McKall        | 02 Mosinee Parkway
07-12-2018 | 12-36 | 13  | Nathanial Jeskins      | 14 Hazelcrest Lane
25-12-2018 | 04-24 | 94  | Pen Fones              | 17 Dahle Street
04-01-2019 | 12-40 | 31  | Moyna Haszard          | 590 Crescent Oaks Pass
23-12-2018 | 13-05 | 235 | Kathy Bury             | 6 Continental Crossing
20-12-2018 | 00-12 | 110 | Berny Bilofsky         | 5793 Fordem Road
11-01-2019 | 21-24 | 205 | Anthony Tear           | 02 Northfield Circle
05-02-2019 | 03-24 | 103 | Katinka Bullman        | 2769 Stoughton Point
25-12-2018 | 06-33 | 140 | Bert Klimes            | 9 Farmco Plaza
04-02-2019 | 04-48 | 224 | Dawna Preator          | 036 Grasskamp Place
26-12-2018 | 08-12 | 137 | Othello Valett         | 541 Utah Plaza
14-01-2019 | 11-23 | 165 | Harriet Mars           | 24 Commercial Crossing
10-01-2019 | 21-46 | 231 | Nester Perrin          | 44 Grayhawk Pass
09-01-2019 | 06-02 | 174 | Chelsae Dalston        | 596 Rigney Way
03-12-2018 | 01-19 | 20  | NN                     | 71346 Bunting Park
18-12-2018 | 16-27 | 92  | Fergus Kastel          | 3757 Anniversary Street
10-01-2019 | 14-45 | 77  | Codie Krojn            | 316 Elgar Place
31-12-2018 | 13-38 | 180 | Flo Dybbe              | 4101 Messerschmidt Lane
04-02-2019 | 23-25 | 105 | Gabe Dovidian          | 1 Kingsford Lane
20-01-2019 | 09-46 | 207 | Cristionna Mardoll     | 5 Towne Terrace
01-02-2019 | 11-47 | 165 | Shell Drogan           | 0 Kedzie Street
21-12-2018 | 19-39 | 46  | Tyson Whates           | 2723 Twin Pines Trail
22-12-2018 | 20-59 | 211 | Catherin McNeillie     | 63 Moose Terrace
06-02-2019 | 16-13 | 132 | Andreana Feeham        | 3087 Miller Avenue
13-01-2019 | 18-27 | 36  | Emilie Simkovich       | 469 Lerdahl Circle
22-01-2019 | 15-19 | 201 | Milt Yanov             | 65 Clyde Gallagher Pass
13-12-2018 | 17-10 | 115 | Osborn Pieper          | 80103 Di Loreto Parkway
19-01-2019 | 01-20 | 114 | Sophey Kleinschmidt    | 9 South Point
06-01-2019 | 12-01 | 90  | NN                     | 14193 Harbort Way
27-12-2018 | 15-39 | 101 | Jilleen Will           | 78 Pankratz Avenue
22-12-2018 | 19-57 | 26  | Demetrius Husset       | 0 Nobel Crossing
02-02-2019 | 15-14 | 176 | Cesya Castagnasso      | 2 Alpine Drive
23-01-2019 | 10-26 | 9   | Aldon Lowthian         | 42809 Clyde Gallagher Center
08-02-2019 | 20-13 | 5   | Pippo Fillery          | 9 Stoughton Trail
08-01-2019 | 17-17 | 193 | Rick Tourner           | 04 Kim Pass
12-12-2018 | 22-50 | 197 | Jeniffer Waldera       | 13 Vera Avenue
07-02-2019 | 21-07 | 226 | Dalt Branston          | 9029 Carioca Park
21-01-2019 | 19-56 | 128 | Port Whiffin           | 397 Amoth Road
05-01-2019 | 08-44 | 38  | Lindon Andriss         | 1063 Northport Way
27-01-2019 | 15-52 | 220 | Stacy Kelling          | 8832 Farwell Lane
06-02-2019 | 17-50 | 186 | Kakalina Seagar        | 64754 Hayes Circle
03-01-2019 | 03-17 | 58  | Pauly Chasemore        | 61 Claremont Plaza
06-01-2019 | 18-16 | 176 | Wernher Iveans         | 7596 Westport Lane
12-12-2018 | 23-55 | 197 | Sheeree Fairweather    | 73258 Mayfield Alley
06-12-2018 | 04-45 | 133 | Tamma Gregorace        | 2723 International Lane
07-01-2019 | 09-51 | 199 | Gannon Blown           | 629 Hayes Parkway
29-12-2018 | 03-59 | 221 | Gustie Elsie           | 9 Raven Trail
09-12-2018 | 12-47 | 22  | Evania Baumler         | 02 Ludington Lane
05-02-2019 | 22-35 | 78  | Dione Riseborough      | 4259 Bowman Trail
14-01-2019 | 16-40 | 140 | Davin Bisson           | 9751 Thackeray Way
02-02-2019 | 09-26 | 89  | Marika Edgerly         | 118 7th Circle
02-12-2018 | 06-42 | 27  | Herschel Wynett        | 98958 Warner Circle
05-02-2019 | 04-51 | 31  | Conrad Peacock         | 196 Claremont Center
24-12-2018 | 11-36 | 130 | Hugh Burdge            | 87 Charing Cross Plaza
16-01-2019 | 13-55 | 46  | Kirstin Gue            | 0 Nelson Pass
03-12-2018 | 05-21 | 217 | Peggi Redsull          | 271 Granby Drive
19-12-2018 | 10-05 | 86  | Cass Ninotti           | 13 Hayes Plaza
24-12-2018 | 18-05 | 133 | Demetra Bridgeland     | 127 Lunder Terrace
05-12-2018 | 08-48 | 137 | Madeline Giacomazzo    | 5 Reinke Terrace
01-02-2019 | 09-15 | 37  | Ambrosius Heaford      | 201 Thierer Place
16-12-2018 | 12-12 | 48  | Chantal Sumsion        | 61845 Ludington Road
26-01-2019 | 22-10 | 165 | Brand Berthot          | 808 Sachs Court
30-12-2018 | 14-45 | 224 | Evelyn Sperrett        | 6 Glacier Hill Drive
01-02-2019 | 08-13 | 71  | Vania Conville         | 1414 Hauk Drive
11-01-2019 | 17-20 | 79  | Rozamond Yakovlev      | 396 Goodland Street
19-12-2018 | 05-34 | 97  | Hurleigh Gatteridge    | 9557 Luster Parkway
19-01-2019 | 06-03 | 125 | Bonni Arkill           | 9627 Rockefeller Point
04-12-2018 | 07-50 | 71  | Edik Nelhams           | 76 Esker Pass
02-02-2019 | 15-35 | 181 | Harbert Kroll          | 48 Waubesa Court
07-02-2019 | 06-37 | 202 | NN                     | 7092 Reinke Point
03-12-2018 | 05-09 | 140 | Lavinia Spleving       | 2 Surrey Place
06-02-2019 | 14-13 | 226 | Brocky Duester         | 76857 7th Place
02-02-2019 | 16-55 | 211 | Jefferson Luckham      | 162 Arkansas Street
03-01-2019 | 23-28 | 45  | Tim Nealey             | 1 Jackson Junction
17-12-2018 | 04-12 | 55  | Bobette Sharples       | 02510 Loftsgordon Park
12-01-2019 | 08-43 | 199 | Boris Polgreen         | 95606 Monterey Road
24-01-2019 | 17-19 | 140 | Gabey Kerwood          | 677 Fairfield Hill
18-12-2018 | 08-59 | 19  | Fredi Davidovsky       | 14537 Old Gate Way
19-12-2018 | 23-03 | 103 | Wendy Bampfield        | 652 Blaine Plaza
25-12-2018 | 07-25 | 110 | Beryl Wisson           | 614 Cordelia Avenue
24-01-2019 | 18-22 | 14  | Cornie Byham           | 7 East Junction
06-12-2018 | 16-28 | 193 | Anderson Orry          | 9743 Glacier Hill Center
13-01-2019 | 12-34 | 167 | Christie Mannagh       | 83551 Pierstorff Circle
21-12-2018 | 04-21 | 35  | Lucilia Zettoi         | 96211 Prairieview Hill
08-01-2019 | 10-56 | 151 | Denyse Delieu          | 05403 Clove Avenue
09-12-2018 | 12-23 | 161 | Saunders Moulder       | 6 Lukken Circle
01-02-2019 | 10-20 | 113 | Bekki Gavrieli         | 9 Gulseth Park
17-01-2019 | 15-02 | 63  | Skippy Culp            | 73 Dahle Place
10-12-2018 | 18-28 | 211 | Kariotta Hastler       | 9643 Debs Plaza
04-12-2018 | 13-15 | 216 | Letti Showen           | 99189 La Follette Street
07-12-2018 | 14-16 | 123 | Roxanna Tackell        | 4 Arrowood Junction
01-01-2019 | 02-23 | 231 | Bartholomeo Beadon     | 9 Heath Street
05-01-2019 | 10-23 | 163 | Dorise Cowell          | 45 Redwing Plaza
09-12-2018 | 15-45 | 32  | Calida Waison          | 27 Crowley Parkway
04-02-2019 | 21-37 | 25  | Gray Stag              | 82713 Anzinger Alley
02-02-2019 | 21-13 | 14  | Lucina Paintain        | 0 Caliangt Way
24-12-2018 | 10-00 | 100 | Conrade Ducker         | 7863 Butterfield Court
09-12-2018 | 22-34 | 233 | Lemmie Websdale        | 77 Stone Corner Lane
03-12-2018 | 15-15 | 28  | Portie Chennells       | 74 Magdeline Terrace
06-02-2019 | 04-41 | 87  | Duane Evason           | 2377 Hollow Ridge Parkway
01-02-2019 | 11-28 | 119 | Braden Doumer          | 241 Bultman Junction
29-12-2018 | 19-39 | 239 | Gilburt Ewington       | 0 Wayridge Way
12-01-2019 | 18-31 | 161 | Eydie Loosemore        | 1 Melody Plaza
20-12-2018 | 23-22 | 158 | Thaddeus Coldham       | 608 Northfield Place
17-12-2018 | 15-15 | 218 | Alessandro Normanville | 4 Onsgard Point
13-01-2019 | 16-22 | 145 | Jehanna Smoote         | 2700 Bayside Crossing
09-01-2019 | 11-14 | 88  | Hilliard Jouhan        | 3 Ohio Court
22-01-2019 | 10-47 | 203 | Tammie Folan           | 602 Service Hill
17-12-2018 | 00-39 | 73  | Margarete Midford      | 5087 Mcbride Road
22-12-2018 | 20-39 | 89  | Lorrie Given           | 09 Spohn Way
09-12-2018 | 19-54 | 150 | Natalya Kingman        | 7547 Muir Alley
30-01-2019 | 03-26 | 66  | Nichol Mingardi        | 408 Del Sol Trail
03-02-2019 | 21-00 | 206 | Paquito Essery         | 854 Mosinee Lane
27-01-2019 | 18-06 | 122 | Delia Lawrie           | 26 Nova Road
19-12-2018 | 23-34 | 231 | Alan Yon               | 67400 Red Cloud Avenue
10-12-2018 | 04-07 | 193 | Florella Osburn        | 46 Emmet Road
05-02-2019 | 06-47 | 234 | Clarie Sides           | 382 Monterey Hill
23-01-2019 | 16-02 | 179 | Louis Sturney          | 09279 Division Avenue
03-12-2018 | 17-31 | 236 | Joe Humphris           | 44951 Kingsford Hill
01-02-2019 | 13-45 | 215 | Curran Jacobovitch     | 487 Pennsylvania Drive
08-02-2019 | 14-02 | 96  | Demetris Clac          | 1 Mifflin Court
02-12-2018 | 11-03 | 55  | Gino Aldred            | 44 Redwing Park
20-01-2019 | 03-55 | 68  | Quintilla Hansard      | 25243 Sundown Lane
14-12-2018 | 18-57 | 94  | Larry Dadley           | 3 Carey Point
10-01-2019 | 15-11 | 16  | NN                     | 30222 Waywood Point
20-12-2018 | 07-16 | 75  | Marisa Bernadzki       | 28832 Redwing Point
03-01-2019 | 16-50 | 239 | Sabra Wilkie           | 30801 Evergreen Place
11-12-2018 | 21-46 | 160 | Guss Letcher           | 6434 Kipling Hill
01-01-2019 | 21-09 | 201 | Cacilie Carney         | 5 Shoshone Lane
13-12-2018 | 21-29 | 63  | Pet Catford            | 174 Cody Court
09-01-2019 | 02-06 | 54  | Riordan Snailham       | 15 Roth Point
16-12-2018 | 02-28 | 133 | Bank Gelsthorpe        | 4 Superior Road
01-01-2019 | 18-52 | 228 | Gaby Schultz           | 2708 Di Loreto Junction
17-12-2018 | 19-53 | 174 | Joby Licence           | 34 Heffernan Alley
06-02-2019 | 21-22 | 141 | Dare Andersson         | 43514 Dovetail Terrace
26-12-2018 | 15-46 | 101 | Kimmy Ninnoli          | 07332 Anhalt Drive
08-01-2019 | 12-39 | 21  | Marten Nemchinov       | 4552 Riverside Pass
12-12-2018 | 22-09 | 44  | Raoul Domenc           | 2763 Rusk Junction
09-12-2018 | 20-32 | 167 | Amber Balmadier        | 8639 Maple Way
05-12-2018 | 00-47 | 175 | Rosemary Chandlar      | 80 Mosinee Point
10-01-2019 | 00-09 | 131 | Katleen Domaschke      | 115 Southridge Court
05-12-2018 | 06-20 | 80  | Ase Senter             | 0 Karstens Crossing
19-12-2018 | 13-13 | 65  | Helga Roelofsen        | 68263 Tennessee Hill
23-12-2018 | 09-08 | 120 | Lidia Kilduff          | 03 Gateway Drive
11-01-2019 | 22-29 | 26  | Orv Sothcott           | 9 Columbus Way
26-12-2018 | 11-14 | 77  | Ronni Bootell          | 34714 Pine View Pass
31-12-2018 | 21-08 | 138 | Blondell Boyack        | 73032 Anderson Point
04-02-2019 | 11-27 | 162 | Freemon Brouwer        | 0 Old Shore Hill
21-01-2019 | 12-06 | 25  | Rodrique Wrighton      | 20871 Holmberg Court
05-01-2019 | 21-45 | 15  | Vale Mechi             | 70 Express Plaza
29-12-2018 | 22-40 | 11  | Prince Christophersen  | 4 Blaine Way
07-12-2018 | 00-39 | 201 | Camala Robelin         | 4555 South Point
23-01-2019 | 07-36 | 68  | Dorise Storkes         | 7405 Shelley Pass
01-01-2019 | 17-56 | 192 | Rochell Slipper        | 6 Straubel Court
21-01-2019 | 04-17 | 163 | Zorina Lodder          | 33 Reinke Point
12-01-2019 | 14-09 | 183 | Reginauld Crutchley    | 49144 Hazelcrest Circle
26-01-2019 | 15-55 | 84  | Teriann Jumonet        | 143 Buhler Place
02-02-2019 | 08-52 | 55  | Maire Verrall          | 24076 Esch Junction
19-01-2019 | 19-43 | 70  | Josh Hackwell          | 1790 Fairview Park
05-01-2019 | 18-52 | 198 | Glenn Kulis            | 0 Oneill Plaza
16-12-2018 | 00-57 | 78  | Bjorn Yashin           | 8 Tony Place
28-12-2018 | 19-24 | 219 | Crichton Yanyshev      | 217 Novick Point
24-12-2018 | 18-12 | 158 | Helene Georghiou       | 87 Eastwood Center
12-12-2018 | 23-49 | 47  | Trenna McClurg         | 770 Summit Avenue
05-01-2019 | 05-14 | 35  | Baldwin MacLoughlin    | 93 Walton Hill
02-01-2019 | 15-35 | 55  | Beverie Yankishin      | 0 Lakeland Avenue
09-01-2019 | 12-45 | 167 | Isacco Allday          | 3277 Tony Junction
22-12-2018 | 05-17 | 74  | Brandice Meadway       | 29 Mcguire Terrace
11-01-2019 | 10-33 | 27  | Donella Howells        | 6 Saint Paul Point
20-12-2018 | 22-58 | 114 | Celle Keene            | 3882 Utah Court
07-12-2018 | 17-39 | 201 | Northrup Hopkins       | 71297 Arrowood Center
25-12-2018 | 15-29 | 171 | Evvy Heeran            | 00091 Brentwood Alley
27-01-2019 | 23-39 | 97  | Elaina Mockett         | 008 Ridge Oak Street
05-02-2019 | 03-17 | 218 | Alard Bounds           | 7795 Tomscot Crossing
05-02-2019 | 12-18 | 40  | Jon Bromehed           | 5 Thompson Alley
12-01-2019 | 21-03 | 34  | Elnore Lawes           | 99 Red Cloud Crossing
16-12-2018 | 02-30 | 89  | Dennis Alfonsetti      | 81326 Rockefeller Terrace
24-12-2018 | 13-58 | 136 | Tiphany Minshaw        | 209 Green Trail
01-12-2018 | 23-15 | 188 | Peder Kleiser          | 6858 Gulseth Street
06-01-2019 | 12-11 | 81  | Amalee Dugue           | 52353 Rusk Parkway
23-01-2019 | 14-02 | 211 | Gloriana Woollett      | 92 Vahlen Alley
12-12-2018 | 09-14 | 212 | Philippine Barrie      | 12662 Carberry Lane
19-12-2018 | 16-20 | 41  | Reagen De Cleen        | 3189 Monument Hill
14-12-2018 | 18-34 | 130 | Brier Flaws            | 14132 Kim Circle
10-12-2018 | 01-10 | 168 | Waverley Corhard       | 4 Esch Way
31-12-2018 | 00-06 | 211 | Livy Cicconetti        | 12448 Nelson Terrace
12-01-2019 | 01-44 | 183 | Allyn Frye             | 97 Gerald Road
04-12-2018 | 23-46 | 237 | Jesse Saphin           | 9 Lindbergh Hill
26-12-2018 | 23-53 | 174 | Crin Hestrop           | 89 Arkansas Court
09-01-2019 | 03-53 | 128 | Jobye Suche            | 45 Sutteridge Street
27-01-2019 | 09-30 | 10  | Damian Ramsbotham      | 9 Oak Center
20-12-2018 | 19-17 | 26  | Dar Hawkswell          | 8321 Montana Plaza
25-12-2018 | 08-40 | 185 | NN                     | 75525 Evergreen Center
15-01-2019 | 01-51 | 221 | Danny Iffe             | 5 Fulton Junction
15-01-2019 | 05-21 | 109 | Kevon Ironmonger       | 9466 Grover Circle
14-12-2018 | 10-31 | 218 | Allis Eland            | 8469 Karstens Road
12-12-2018 | 04-21 | 17  | Briano McKnish         | 504 Bultman Avenue
10-01-2019 | 21-31 | 94  | Dionisio McAdam        | 61432 Sundown Center
05-01-2019 | 19-26 | 61  | Paige Ludlom           | 38 Katie Alley
12-12-2018 | 05-18 | 80  | Giles Bucknall         | 35829 Ilene Alley
29-01-2019 | 15-32 | 128 | Annabal Rosenzwig      | 4528 Lerdahl Court
03-02-2019 | 03-43 | 58  | Marysa Struijs         | 40 Oakridge Trail
22-01-2019 | 07-13 | 92  | Ashil Simants          | 9 Golf View Trail
06-12-2018 | 16-56 | 229 | Velma Lecointe         | 3 7th Alley
11-12-2018 | 14-23 | 212 | Rois Allonby           | 1239 Redwing Park
13-01-2019 | 00-06 | 234 | Zorana Stearnes        | 2 Anderson Plaza
11-12-2018 | 22-39 | 146 | Louie Ellingsworth     | 7 Memorial Park
16-01-2019 | 18-43 | 148 | Mona Sainteau          | 991 Ohio Point
15-01-2019 | 15-45 | 83  | Bren Mingo             | 0991 Kennedy Center
10-01-2019 | 07-14 | 99  | Theressa Lamont        | 8 Meadow Valley Circle
20-01-2019 | 05-22 | 167 | Adora Hindge           | 8843 Londonderry Terrace
19-01-2019 | 08-42 | 118 | Erica Ference          | 2914 Menomonie Parkway
20-12-2018 | 12-52 | 174 | Robbi Friedman         | 2 Dennis Drive
03-01-2019 | 11-49 | 238 | Cherice Halegarth      | 765 Warrior Point
08-01-2019 | 05-20 | 154 | Maxie Middlewick       | 785 Jana Circle
28-01-2019 | 01-33 | 225 | Kipp Coombes           | 914 Farragut Circle
27-12-2018 | 02-10 | 132 | Giusto Shoobridge      | 1 Oneill Center
05-01-2019 | 21-09 | 223 | Charlton Ebrall        | 5 7th Parkway
11-12-2018 | 15-34 | 73  | Kiley Benge            | 28347 Hintze Terrace
04-01-2019 | 15-14 | 74  | Karee Moynihan         | 86752 East Pass
31-01-2019 | 01-39 | 122 | Clio Beetles           | 3 Carey Road
14-12-2018 | 23-09 | 115 | Griselda Fenimore      | 83321 Golf Drive
06-12-2018 | 12-56 | 106 | Giordano Scutts        | 1600 Burning Wood Road
19-01-2019 | 06-03 | 96  | Dolph Schirak          | 83 Blackbird Point
02-12-2018 | 21-20 | 148 | Jeremias Dinnage       | 9549 Dexter Junction
08-12-2018 | 21-32 | 187 | Yoshiko Dawidman       | 2 Toban Road
21-01-2019 | 05-36 | 87  | Lindi Tremoille        | 0299 Bultman Court
03-01-2019 | 03-37 | 48  | Sargent Ryding         | 6183 Ohio Point
03-01-2019 | 20-07 | 66  | Verina Audritt         | 6229 Hauk Circle
19-01-2019 | 00-55 | 179 | Morton Rosenthaler     | 570 Scott Pass
13-12-2018 | 04-32 | 185 | Lindsay Haversham      | 2971 Crownhardt Junction
19-12-2018 | 06-59 | 235 | Kipp Acres             | 88 Butternut Alley
16-01-2019 | 01-57 | 17  | Packston McKellen      | 6886 Sullivan Place
14-12-2018 | 23-28 | 174 | Stephani Fieldhouse    | 8 Hagan Trail
02-02-2019 | 00-29 | 173 | Harriette Munday       | 92702 Independence Park
27-12-2018 | 10-39 | 103 | Ingmar Saladin         | 2045 Anzinger Court
03-01-2019 | 16-13 | 88  | Filmer Sharrocks       | 8 Colorado Avenue
18-01-2019 | 00-24 | 67  | Martelle Biddwell      | 562 Tony Parkway
05-02-2019 | 08-19 | 227 | Orelie Stithe          | 8 Maple Wood Plaza
04-12-2018 | 07-01 | 168 | Valentin Pickerill     | 5352 Muir Plaza
22-01-2019 | 14-14 | 209 | Simone Farnes          | 79406 Tony Plaza
12-01-2019 | 23-23 | 138 | Wit Overington         | 281 Fair Oaks Point
26-12-2018 | 16-58 | 77  | Miof mela Thorius      | 17 Springview Junction
13-12-2018 | 09-02 | 38  | Sloan Leggon           | 70 Armistice Street
31-12-2018 | 07-20 | 55  | Elbertina Bellany      | 47913 Daystar Pass
16-12-2018 | 09-49 | 43  | Pavia Fryatt           | 7 Magdeline Parkway
11-01-2019 | 19-31 | 10  | Raquela Borris         | 30 Sheridan Lane
05-01-2019 | 00-03 | 124 | Calida Widdowson       | 0 Carioca Place
